<?xml version="1.0" encoding="UTF-8"?>
<trinity>
<employees>
	<employee id="1">
		<loginID>admin</loginID>
		<accountno>11123</accountno>
		<passwd>1q2w3e</passwd>
		<salary>468100</salary>
	</employee>
	<employee id="2">
		<loginID>John</loginID>
		<accountno>63458</accountno>
		<passwd>myownpass</passwd>
		<salary>559833</salary>
	</employee>
	<employee id="3">
		<loginID>Sarah</loginID>
		<accountno>23363</accountno>
		<passwd>secret</passwd>
		<salary>84000</salary>
	</employee>
</employees>
<TSstore>
	<product category="CR">
		<itemID>Code-Ray XG</itemID>
		<price>20000000</price>
		<description>엄청좋은 XG</description>
		<hidden>non-sale</hidden>
	</product>
	<product category="CR">
		<itemID>Code-Ray XG</itemID>
		<price>10000000</price>
		<description>엄청좋은 XG</description>
		<hidden>sale</hidden>
	</product>
	
	<product category="CR">
		<itemID>Code-Ray Pro</itemID>
		<price>2000000</price>
		<description>어메이징한 Pro</description>
		<hidden>non-sale</hidden>
	</product>
	<product category="CR">
		<itemID>Code-Ray Pro</itemID>
		<price>1000000</price>
		<description>어메이징한 Pro</description>
		<hidden>sale</hidden>
	</product>
	
	<product category="WR">
		<itemID>Webs-Ray</itemID>
		<price>13000000</price>
		<description>대다나다</description>
		<hidden>non-sale</hidden>
	</product>
	<product category="WR">
		<itemID>Webs-Ray</itemID>
		<price>6500000</price>
		<description>대다나다</description>
		<hidden>sale</hidden>
	</product>
	
	<product category="WR">
		<itemID>Promise</itemID>
		<price>15000000</price>
		<description>뉴 버전</description>
		<hidden>non-sale</hidden>
	</product>
	<product category="WR">
		<itemID>Promise</itemID>
		<price>7500000</price>
		<description>뉴 버전</description>
		<hidden>sale</hidden>
	</product>
	
	<product category="SR">
		<itemID>Scan-Ray</itemID>
		<price>2000000</price>
		<description>개발중</description>
		<hidden>non-sale</hidden>
	</product>
	<product category="SR">
		<itemID>Scan-Ray</itemID>
		<price>1000000</price>
		<description>개발중</description>
		<hidden>sale</hidden>
	</product>
</TSstore>
</trinity>