<?xml version="1.0" encoding="UTF-8"?>
<trinity>
<employees>
	<employee id="1">
		<loginID>admin</loginID>
		<accountno>11123</accountno>
		<passwd>1234</passwd>
		<salary>468100</salary>
	</employee>
	<employee id="2">
		<loginID>John</loginID>
		<accountno>63458</accountno>
		<passwd>myownpass</passwd>
		<salary>559833</salary>
	</employee>
	<employee id="3">
		<loginID>Sarah</loginID>
		<accountno>23363</accountno>
		<passwd>secret</passwd>
		<salary>84000</salary>
	</employee>
</employees>
<items>
	<item>
		<itemID>Code-Ray XG</itemID>
		<price>20000000</price>
		<description></description>
	</item>
	<item>
		<itemID>Code-Ray Pro</itemID>
		<price>2000000</price>
		<description></description>
	</item>
	<item>
		<itemID>Webs-Ray</itemID>
		<price>13000000</price>
		<description></description>
	</item>
	<item>
		<itemID>Promise</itemID>
		<price>15000000</price>
		<description></description>
	</item>
	<item>
		<itemID>Scan-Ray</itemID>
		<price>2000000</price>
		<description></description>
	</item>
</items>
</trinity>